{
    "cycles_program_begin": 396601625485721,
    "NameTable": {
        "std": [
            "std",
            "reYIK",
            "module",
            1
        ],
        "ddr_ctrl_arbit": [
            "ddr_ctrl_arbit",
            "aCjbw",
            "module",
            2
        ],
        "arbit_interface": [
            "arbit_interface",
            "ivjpv",
            "module",
            3
        ],
        "...MASTER...": [
            "SIM",
            "amcQw",
            "module",
            5
        ],
        "arbit_tb": [
            "arbit_tb",
            "MuqxD",
            "module",
            4
        ]
    },
    "PrevCompiledModules": {
        "arbit_interface": {
            "ivjpv_d": {
                "bytes": 12440,
                "checksum": 0,
                "mod": "arbit_interface",
                "out": "ivjpv_d.o",
                "mode": 4,
                "archive": "archive.1/_prev_archive_1.a"
            }
        },
        "std": {
            "reYIK_d": {
                "bytes": 35478,
                "checksum": 0,
                "mod": "std",
                "out": "reYIK_d.o",
                "mode": 4,
                "archive": "archive.1/_prev_archive_1.a"
            }
        },
        "arbit_tb": {
            "MuqxD_d": {
                "bytes": 44682,
                "checksum": 0,
                "mod": "arbit_tb",
                "out": "MuqxD_d.o",
                "mode": 4,
                "archive": "archive.1/_168730_archive_1.a"
            }
        },
        "...MASTER...": {
            "amcQw_d": {
                "bytes": 7660,
                "checksum": 0,
                "mod": "...MASTER...",
                "out": "objs/amcQw_d.o",
                "mode": 4
            }
        },
        "ddr_ctrl_arbit": {
            "aCjbw_d": {
                "bytes": 22478,
                "checksum": 0,
                "mod": "ddr_ctrl_arbit",
                "out": "aCjbw_d.o",
                "mode": 4,
                "archive": "archive.1/_prev_archive_1.a"
            }
        }
    },
    "perf": [
        {
            "stat": [
                "main",
                "entry",
                0.074977874755859375,
                0.078476000000000004,
                0.070627999999999996,
                200732,
                200732,
                0.0,
                0.0,
                1733093955.3264339,
                396601626391167
            ],
            "sub": [
                {
                    "stat": [
                        "doParsingAndDesignResolution",
                        "entry",
                        0.25603508949279785,
                        0.092184000000000002,
                        0.096024999999999999,
                        209716,
                        210516,
                        0.0,
                        0.0,
                        1733093955.5074911,
                        396602223017266
                    ],
                    "sub": []
                },
                {
                    "stat": [
                        "doParsingAndDesignResolution",
                        "exit",
                        0.28896808624267578,
                        0.116243,
                        0.104619,
                        210668,
                        211316,
                        0.0,
                        0.0,
                        1733093955.5404241,
                        396602331523244
                    ],
                    "sub": []
                },
                {
                    "stat": [
                        "doPostDesignResolutionToVir2Vcs",
                        "entry",
                        0.2914879322052002,
                        0.118712,
                        0.104619,
                        210836,
                        211316,
                        0.0,
                        0.0,
                        1733093955.542944,
                        396602339803020
                    ],
                    "sub": [
                        {
                            "stat": [
                                "doUptoVir2VcsNoSepCleanup",
                                "entry",
                                0.31730508804321289,
                                0.14388100000000001,
                                0.104994,
                                211968,
                                211968,
                                0.0,
                                0.0,
                                1733093955.5687611,
                                396602424604688
                            ],
                            "sub": []
                        },
                        {
                            "stat": [
                                "doUptoVir2VcsNoSepCleanup",
                                "exit",
                                0.43305087089538574,
                                0.18097099999999999,
                                0.111663,
                                214092,
                                229512,
                                0.055725999999999998,
                                0.011819,
                                1733093955.6845069,
                                396602805734934
                            ],
                            "sub": []
                        },
                        {
                            "stat": [
                                "doRadify_vir2vcsAll",
                                "entry",
                                0.43317699432373047,
                                0.18104999999999999,
                                0.111711,
                                214092,
                                229512,
                                0.055725999999999998,
                                0.011819,
                                1733093955.684633,
                                396602806052778
                            ],
                            "sub": []
                        },
                        {
                            "stat": [
                                "doRadify_vir2vcsAll",
                                "exit",
                                0.45467400550842285,
                                0.187668,
                                0.122559,
                                214768,
                                229512,
                                0.055725999999999998,
                                0.011819,
                                1733093955.70613,
                                396602877341264
                            ],
                            "sub": []
                        }
                    ]
                },
                {
                    "stat": [
                        "doPostDesignResolutionToVir2Vcs",
                        "exit",
                        0.45495986938476562,
                        0.18784100000000001,
                        0.122671,
                        214768,
                        229512,
                        0.055725999999999998,
                        0.011819,
                        1733093955.7064159,
                        396602878155803
                    ],
                    "sub": []
                },
                {
                    "stat": [
                        "doGAToPass2",
                        "entry",
                        0.45520305633544922,
                        0.18798899999999999,
                        0.122768,
                        214768,
                        229512,
                        0.055725999999999998,
                        0.011819,
                        1733093955.7066591,
                        396602878972319
                    ],
                    "sub": [
                        {
                            "stat": [
                                "DoPass2",
                                "entry",
                                0.54909801483154297,
                                0.19093499999999999,
                                0.124692,
                                213344,
                                229512,
                                0.11186599999999999,
                                0.039502000000000002,
                                1733093955.800554,
                                396603187956391
                            ],
                            "sub": []
                        },
                        {
                            "stat": [
                                "DoPass2",
                                "exit",
                                0.78838300704956055,
                                0.22973399999999999,
                                0.13783999999999999,
                                215776,
                                229512,
                                0.237757,
                                0.12797900000000001,
                                1733093956.039839,
                                396603976208357
                            ],
                            "sub": []
                        }
                    ]
                },
                {
                    "stat": [
                        "doGAToPass2",
                        "exit",
                        0.79549598693847656,
                        0.23292499999999999,
                        0.14128199999999999,
                        217704,
                        229512,
                        0.237757,
                        0.12797900000000001,
                        1733093956.046952,
                        396603999974260
                    ],
                    "sub": []
                }
            ]
        },
        {
            "stat": [
                "main",
                "exit",
                0.79602694511413574,
                0.23320199999999999,
                0.14144999999999999,
                217704,
                229512,
                0.237757,
                0.12797900000000001,
                1733093956.047483,
                396604001427454
            ],
            "sub": []
        }
    ],
    "LVLData": [
        "SIM"
    ],
    "MlibObjs": {},
    "CompileStrategy": "fullobj",
    "PEModules": [],
    "cpu_cycles_pass2_start": 396603187988999,
    "stat": {
        "ru_self_cgstart": {
            "ru_stime_sec": 0.12474499999999999,
            "ru_utime_sec": 0.19101599999999999,
            "ru_nivcsw": 80,
            "ru_maxrss_kb": 109508,
            "ru_majflt": 0,
            "ru_minflt": 9061,
            "ru_nvcsw": 23
        },
        "ru_childs_end": {
            "ru_stime_sec": 0.12797900000000001,
            "ru_utime_sec": 0.237757,
            "ru_nivcsw": 115,
            "ru_maxrss_kb": 109656,
            "ru_majflt": 0,
            "ru_minflt": 12372,
            "ru_nvcsw": 59
        },
        "outputSizePerQuad": 1270.7555555555555,
        "ru_childs_cgstart": {
            "ru_stime_sec": 0.039502000000000002,
            "ru_utime_sec": 0.11186599999999999,
            "ru_nivcsw": 42,
            "ru_maxrss_kb": 109508,
            "ru_majflt": 0,
            "ru_minflt": 4888,
            "ru_nvcsw": 26
        },
        "cpu_cycles_cgstart": 396603188180365,
        "quadSpeed": 535.05502149137669,
        "nMops": 285,
        "totalObjSize": 114368,
        "nQuads": 90,
        "mop/quad": 3.1666666666666665,
        "ru_self_end": {
            "ru_stime_sec": 0.14152899999999999,
            "ru_utime_sec": 0.23333200000000001,
            "ru_nivcsw": 103,
            "ru_maxrss_kb": 113968,
            "ru_majflt": 0,
            "ru_minflt": 10373,
            "ru_nvcsw": 32
        },
        "peak_mem_kb": 229512,
        "cpu_cycles_end": 396604001767037,
        "Frontend(%)": 64.294008138589533,
        "CodeGen(%)": 35.705991861410475,
        "cpu_cycles_total": 2376281316,
        "mopSpeed": 1694.3409013893595,
        "realTime": 0.79631495475769043
    },
    "CurCompileUdps": {},
    "Misc": {
        "cwd": "/home/fuyufei/DDR_controller/tb/sim",
        "default_output_dir": "csrc",
        "vcs_version": "O-2018.09-SP2_Full64",
        "vcs_build_date": "Build Date = Feb 28 2019 22:34:30",
        "VCS_HOME": "/home/fuyufei/synopsys_tools/vcs_mx_2018_sp2/vcs-mx/O-2018.09-SP2",
        "master_pid": 168713,
        "daidir": "simv.daidir",
        "hostname": "",
        "archive_dir": "archive.1",
        "csrc": "csrc",
        "csrc_abs": "/home/fuyufei/DDR_controller/tb/sim/csrc",
        "daidir_abs": "/home/fuyufei/DDR_controller/tb/sim/simv.daidir"
    },
    "SIMBData": {
        "out": "amcQwB.o",
        "bytes": 114368,
        "text": 0,
        "archive": "archive.1/_168713_archive_1.a"
    },
    "incremental": "on",
    "CurCompileModules": [
        "...MASTER...",
        "arbit_interface"
    ],
    "CompileProcesses": [
        "cgproc.168713.json",
        "cgproc.168730.json",
        "cgproc.168731.json",
        "cgproc.168732.json"
    ],
    "rlimit": {
        "data": -1,
        "stack": -1
    },
    "CompileStatus": "Successful"
}