{
    "stat": {
        "peak_mem_kb": 229512,
        "nMops": 285,
        "ru_childs_cgstart": {
            "ru_utime_sec": 0.128389,
            "ru_minflt": 4888,
            "ru_stime_sec": 0.038046000000000003,
            "ru_nvcsw": 28,
            "ru_maxrss_kb": 109180,
            "ru_majflt": 0,
            "ru_nivcsw": 38
        },
        "ru_self_cgstart": {
            "ru_utime_sec": 0.17285400000000001,
            "ru_minflt": 9232,
            "ru_stime_sec": 0.078570000000000001,
            "ru_nvcsw": 28,
            "ru_maxrss_kb": 109180,
            "ru_majflt": 0,
            "ru_nivcsw": 250
        },
        "cpu_cycles_total": 2665159807,
        "totalObjSize": 114368,
        "cpu_cycles_cgstart": 396737541590898,
        "realTime": 0.85715818405151367,
        "nQuads": 90,
        "ru_self_end": {
            "ru_utime_sec": 0.218416,
            "ru_minflt": 10538,
            "ru_stime_sec": 0.096808000000000005,
            "ru_nvcsw": 37,
            "ru_maxrss_kb": 113772,
            "ru_majflt": 0,
            "ru_nivcsw": 273
        },
        "ru_childs_end": {
            "ru_utime_sec": 0.24863199999999999,
            "ru_minflt": 12365,
            "ru_stime_sec": 0.16398099999999999,
            "ru_nvcsw": 62,
            "ru_maxrss_kb": 109332,
            "ru_majflt": 0,
            "ru_nivcsw": 123
        },
        "Frontend(%)": 64.499366232164576,
        "mop/quad": 3.1666666666666665,
        "cpu_cycles_end": 396738406820279,
        "mopSpeed": 1718.8866439492176,
        "quadSpeed": 542.80630861554243,
        "CodeGen(%)": 35.500633767835417,
        "outputSizePerQuad": 1270.7555555555555
    },
    "cycles_program_begin": 396735741660472,
    "CompileProcesses": [
        "cgproc.169726.json",
        "cgproc.169743.json",
        "cgproc.169744.json",
        "cgproc.169745.json"
    ],
    "NameTable": {
        "arbit_interface": [
            "arbit_interface",
            "ivjpv",
            "module",
            3
        ],
        "std": [
            "std",
            "reYIK",
            "module",
            1
        ],
        "ddr_ctrl_arbit": [
            "ddr_ctrl_arbit",
            "aCjbw",
            "module",
            2
        ],
        "arbit_tb": [
            "arbit_tb",
            "MuqxD",
            "module",
            4
        ],
        "...MASTER...": [
            "SIM",
            "amcQw",
            "module",
            5
        ]
    },
    "SIMBData": {
        "bytes": 114368,
        "out": "amcQwB.o",
        "text": 0,
        "archive": "archive.2/_169726_archive_1.a"
    },
    "PrevCompiledModules": {
        "std": {
            "reYIK_d": {
                "out": "reYIK_d.o",
                "bytes": 35478,
                "mode": 4,
                "mod": "std",
                "checksum": 0,
                "archive": "archive.2/_prev_archive_1.a"
            }
        },
        "arbit_interface": {
            "ivjpv_d": {
                "out": "ivjpv_d.o",
                "bytes": 12440,
                "mode": 4,
                "mod": "arbit_interface",
                "checksum": 0,
                "archive": "archive.2/_prev_archive_1.a"
            }
        },
        "...MASTER...": {
            "amcQw_d": {
                "out": "objs/amcQw_d.o",
                "bytes": 7660,
                "mode": 4,
                "mod": "...MASTER...",
                "checksum": 0
            }
        },
        "ddr_ctrl_arbit": {
            "aCjbw_d": {
                "out": "aCjbw_d.o",
                "bytes": 22478,
                "mode": 4,
                "mod": "ddr_ctrl_arbit",
                "checksum": 0,
                "archive": "archive.2/_prev_archive_1.a"
            }
        },
        "arbit_tb": {
            "MuqxD_d": {
                "out": "MuqxD_d.o",
                "bytes": 44682,
                "mode": 4,
                "mod": "arbit_tb",
                "checksum": 0,
                "archive": "archive.2/_169743_archive_1.a"
            }
        }
    },
    "CurCompileUdps": {},
    "perf": [
        {
            "stat": [
                "main",
                "entry",
                0.04825901985168457,
                0.082811999999999997,
                0.027604,
                200732,
                200732,
                0.0,
                0.0,
                1733093996.0445299,
                396735743790527
            ],
            "sub": [
                {
                    "stat": [
                        "doParsingAndDesignResolution",
                        "entry",
                        0.28544116020202637,
                        0.095643000000000006,
                        0.049734,
                        209716,
                        210516,
                        0.0,
                        0.0,
                        1733093996.2817121,
                        396736524220216
                    ],
                    "sub": []
                },
                {
                    "stat": [
                        "doParsingAndDesignResolution",
                        "exit",
                        0.32234716415405273,
                        0.10903,
                        0.058409000000000003,
                        210668,
                        211316,
                        0.0,
                        0.0,
                        1733093996.3186181,
                        396736645836883
                    ],
                    "sub": []
                },
                {
                    "stat": [
                        "doPostDesignResolutionToVir2Vcs",
                        "entry",
                        0.32362914085388184,
                        0.109711,
                        0.058774,
                        210836,
                        211316,
                        0.0,
                        0.0,
                        1733093996.3199,
                        396736649958985
                    ],
                    "sub": [
                        {
                            "stat": [
                                "doUptoVir2VcsNoSepCleanup",
                                "entry",
                                0.35145306587219238,
                                0.123005,
                                0.063486000000000001,
                                211968,
                                211968,
                                0.0,
                                0.0,
                                1733093996.347724,
                                396736741618197
                            ],
                            "sub": []
                        },
                        {
                            "stat": [
                                "doUptoVir2VcsNoSepCleanup",
                                "exit",
                                0.46771621704101562,
                                0.154612,
                                0.071359000000000006,
                                213344,
                                229512,
                                0.062850000000000003,
                                0.011587999999999999,
                                1733093996.4639871,
                                396737124622574
                            ],
                            "sub": []
                        },
                        {
                            "stat": [
                                "doRadify_vir2vcsAll",
                                "entry",
                                0.46784520149230957,
                                0.15470100000000001,
                                0.071400000000000005,
                                213344,
                                229512,
                                0.062850000000000003,
                                0.011587999999999999,
                                1733093996.4641161,
                                396737124944372
                            ],
                            "sub": []
                        },
                        {
                            "stat": [
                                "doRadify_vir2vcsAll",
                                "exit",
                                0.48935413360595703,
                                0.16853199999999999,
                                0.078386999999999998,
                                214812,
                                229512,
                                0.062850000000000003,
                                0.011587999999999999,
                                1733093996.485625,
                                396737195957831
                            ],
                            "sub": []
                        }
                    ]
                },
                {
                    "stat": [
                        "doPostDesignResolutionToVir2Vcs",
                        "exit",
                        0.48948812484741211,
                        0.16864299999999999,
                        0.078437999999999994,
                        214812,
                        229512,
                        0.062850000000000003,
                        0.011587999999999999,
                        1733093996.485759,
                        396737196302025
                    ],
                    "sub": []
                },
                {
                    "stat": [
                        "doGAToPass2",
                        "entry",
                        0.48959112167358398,
                        0.168713,
                        0.078470999999999999,
                        214812,
                        229512,
                        0.062850000000000003,
                        0.011587999999999999,
                        1733093996.485862,
                        396737196911365
                    ],
                    "sub": [
                        {
                            "stat": [
                                "DoPass2",
                                "entry",
                                0.59420609474182129,
                                0.17272599999999999,
                                0.078511999999999998,
                                213388,
                                229512,
                                0.128389,
                                0.038046000000000003,
                                1733093996.590477,
                                396737541376806
                            ],
                            "sub": []
                        },
                        {
                            "stat": [
                                "DoPass2",
                                "exit",
                                0.84807014465332031,
                                0.21379000000000001,
                                0.092776999999999998,
                                215708,
                                229512,
                                0.24863199999999999,
                                0.16398099999999999,
                                1733093996.844341,
                                396738378874634
                            ],
                            "sub": []
                        }
                    ]
                },
                {
                    "stat": [
                        "doGAToPass2",
                        "exit",
                        0.85607409477233887,
                        0.21759400000000001,
                        0.096708000000000002,
                        217636,
                        229512,
                        0.24863199999999999,
                        0.16398099999999999,
                        1733093996.852345,
                        396738404372709
                    ],
                    "sub": []
                }
            ]
        },
        {
            "stat": [
                "main",
                "exit",
                0.8569180965423584,
                0.21826999999999999,
                0.096808000000000005,
                217636,
                229512,
                0.24863199999999999,
                0.16398099999999999,
                1733093996.853189,
                396738406566662
            ],
            "sub": []
        }
    ],
    "CompileStatus": "Successful",
    "MlibObjs": {},
    "CompileStrategy": "fullobj",
    "cpu_cycles_pass2_start": 396737541408425,
    "incremental": "on",
    "CurCompileModules": [
        "...MASTER...",
        "arbit_interface"
    ],
    "Misc": {
        "hostname": "",
        "vcs_version": "O-2018.09-SP2_Full64",
        "vcs_build_date": "Build Date = Feb 28 2019 22:34:30",
        "master_pid": 169726,
        "cwd": "/home/fuyufei/DDR_controller/tb/sim",
        "VCS_HOME": "/home/fuyufei/synopsys_tools/vcs_mx_2018_sp2/vcs-mx/O-2018.09-SP2",
        "csrc": "csrc",
        "csrc_abs": "/home/fuyufei/DDR_controller/tb/sim/csrc",
        "daidir": "simv.daidir",
        "daidir_abs": "/home/fuyufei/DDR_controller/tb/sim/simv.daidir",
        "archive_dir": "archive.2",
        "default_output_dir": "csrc"
    },
    "LVLData": [
        "SIM"
    ],
    "PEModules": [],
    "rlimit": {
        "stack": -1,
        "data": -1
    }
}