{
    "Modules": {
        "arbit_tb": {
            "start_perf": [
                0.63346099853515625,
                0.0,
                0.001426,
                214684,
                214684,
                1733093996.6297319,
                396737671130960
            ],
            "child_modules": {
                "arbit_interface": 1,
                "ddr_ctrl_arbit": 1
            },
            "Compiled Times": 3,
            "nMops": 2406,
            "Compiled": "Yes",
            "nQuads": 900,
            "significant_routs": [
                [
                    24,
                    "U_VCSgd_MuqxD_24",
                    50268565,
                    67,
                    16
                ]
            ],
            "end_perf": [
                0.77979421615600586,
                0.040468999999999998,
                0.047827000000000001,
                220536,
                222588,
                396738152598406,
                21474836481,
                0
            ],
            "nRouts": 160
        }
    },
    "CompUnits": {
        "MuqxD_d": {
            "mode": 4,
            "text": 17365,
            "mod": "arbit_tb",
            "bytes": 44682,
            "out": "MuqxD_d.o",
            "checksum": 0,
            "archive": "archive.2/_169743_archive_1.a"
        }
    },
    "reusePaths": {},
    "stat": {
        "ru_self_end": {
            "ru_utime_sec": 0.040753999999999999,
            "ru_minflt": 2100,
            "ru_stime_sec": 0.048163999999999998,
            "ru_nvcsw": 1,
            "ru_maxrss_kb": 54404,
            "ru_majflt": 0,
            "ru_nivcsw": 40
        },
        "ru_childs_end": {
            "ru_utime_sec": 0.0,
            "ru_minflt": 0,
            "ru_stime_sec": 0.0,
            "ru_nvcsw": 0,
            "ru_maxrss_kb": 0,
            "ru_majflt": 0,
            "ru_nivcsw": 0
        },
        "cpu_cycles_end": 396738154891500,
        "peak_mem_kb": 222588
    },
    "ObjArchives": [
        {
            "archive": "archive.2/_169743_archive_1.a",
            "objects": [
                [
                    "MuqxD_d.o",
                    44682
                ]
            ],
            "size": 44682
        }
    ]
}