{
    "Modules": {
        "std": {
            "svclass": [
                "$vcs_nba_dyn_obj",
                0,
                37,
                2,
                2,
                0,
                "sigprop$$",
                0,
                37,
                2,
                2,
                0,
                "process",
                0,
                184,
                8,
                8,
                0,
                "event",
                0,
                36,
                2,
                2,
                0,
                "mailbox",
                0,
                107,
                9,
                9,
                0,
                "semaphore",
                0,
                71,
                5,
                5,
                0
            ],
            "start_perf": [
                0.61998915672302246,
                0.0029610000000000001,
                0.0,
                214684,
                214684,
                1733093996.6162601,
                396737627726527
            ],
            "child_modules": {},
            "Compiled Times": 3,
            "nMops": 472,
            "Compiled": "Yes",
            "nQuads": 218,
            "end_perf": [
                0.68044209480285645,
                0.016674000000000001,
                0.0083370000000000007,
                214684,
                214684,
                396737825302188,
                8589934594,
                0
            ],
            "nRouts": 33
        }
    },
    "CompUnits": {},
    "reusePaths": {
        "reYIK_d": {
            "icPath": "csrc"
        }
    },
    "stat": {
        "ru_self_end": {
            "ru_utime_sec": 0.017308,
            "ru_minflt": 916,
            "ru_stime_sec": 0.0083370000000000007,
            "ru_nvcsw": 0,
            "ru_maxrss_kb": 42624,
            "ru_majflt": 0,
            "ru_nivcsw": 6
        },
        "ru_childs_end": {
            "ru_utime_sec": 0.0,
            "ru_minflt": 0,
            "ru_stime_sec": 0.0,
            "ru_nvcsw": 0,
            "ru_maxrss_kb": 0,
            "ru_majflt": 0,
            "ru_nivcsw": 0
        },
        "cpu_cycles_end": 396737848014097,
        "peak_mem_kb": 214684
    },
    "ObjArchives": []
}