{
    "Modules": {
        "ddr_ctrl_arbit": {
            "start_perf": [
                0.6228950023651123,
                0.0014139999999999999,
                0.0,
                214684,
                214684,
                1733093996.6191659,
                396737636465449
            ],
            "nMops": 1417,
            "Compiled Times": 3,
            "child_modules": {},
            "nQuads": 692,
            "Compiled": "Yes",
            "end_perf": [
                0.70467114448547363,
                0.015869999999999999,
                0.019043999999999998,
                215388,
                215388,
                396737905053251,
                12884901889,
                0
            ],
            "nRouts": 92
        }
    },
    "CompUnits": {},
    "reusePaths": {
        "aCjbw_d": {
            "icPath": "csrc"
        }
    },
    "stat": {
        "ru_self_end": {
            "ru_utime_sec": 0.016052,
            "ru_minflt": 1338,
            "ru_stime_sec": 0.019262000000000001,
            "ru_nvcsw": 1,
            "ru_maxrss_kb": 48560,
            "ru_majflt": 0,
            "ru_nivcsw": 15
        },
        "ru_childs_end": {
            "ru_utime_sec": 0.0,
            "ru_minflt": 0,
            "ru_stime_sec": 0.0,
            "ru_nvcsw": 0,
            "ru_maxrss_kb": 0,
            "ru_majflt": 0,
            "ru_nivcsw": 0
        },
        "cpu_cycles_end": 396737906170813,
        "peak_mem_kb": 215388
    },
    "ObjArchives": []
}