{
    "Modules": {
        "...MASTER...": {
            "start_perf": [
                0.59500908851623535,
                0.173127,
                0.078694,
                213388,
                229512,
                1733093996.59128,
                396737543863572
            ],
            "nMops": 0,
            "child_modules": {
                "std": 1,
                "arbit_tb": 1
            },
            "end_perf": [
                0.60929322242736816,
                0.176122,
                0.082189999999999999,
                214684,
                229512,
                396737590934255,
                0,
                0
            ],
            "nQuads": 0,
            "nRouts": 5
        },
        "arbit_interface": {
            "start_perf": [
                0.61301422119140625,
                0.176122,
                0.085852999999999999,
                214684,
                229512,
                1733093996.6092851,
                396737604644402
            ],
            "nMops": 285,
            "Compiled Times": 3,
            "child_modules": {},
            "nQuads": 90,
            "Compiled": "Yes",
            "end_perf": [
                0.67429113388061523,
                0.19087000000000001,
                0.091458999999999999,
                214684,
                229512,
                396737805076714,
                17179869185,
                0
            ],
            "nRouts": 21
        }
    },
    "CompUnits": {},
    "reusePaths": {
        "amcQw_d": {
            "icPath": "csrc"
        },
        "ivjpv_d": {
            "icPath": "csrc"
        }
    },
    "stat": {
        "ru_self_end": {
            "ru_utime_sec": 0.21781800000000001,
            "ru_minflt": 10538,
            "ru_stime_sec": 0.096808000000000005,
            "ru_nvcsw": 37,
            "ru_maxrss_kb": 113772,
            "ru_majflt": 0,
            "ru_nivcsw": 273
        },
        "ru_childs_end": {
            "ru_utime_sec": 0.24863199999999999,
            "ru_minflt": 12365,
            "ru_stime_sec": 0.16398099999999999,
            "ru_nvcsw": 62,
            "ru_maxrss_kb": 109332,
            "ru_majflt": 0,
            "ru_nivcsw": 123
        },
        "cpu_cycles_end": 396738404856228,
        "peak_mem_kb": 229512
    },
    "ObjArchives": [
        {
            "archive": "archive.2/_169726_archive_1.a",
            "objects": [
                [
                    "amcQwB.o",
                    114368
                ]
            ],
            "size": 114368
        }
    ]
}